1,1,shortest,90,0,0.0,0.0000,[18, 18, 18, 18, 18]
2,1,shortest,151,28,6.013318551349163,0.1991,[36, 24, 36, 22, 33]
3,1,shortest,195,84,14.25482374496437,0.3655,[54, 20, 54, 25, 42]
4,1,shortest,210,178,29.664793948382652,0.7063,[60, 8, 72, 4, 66]
5,1,shortest,242,269,30.916662174303358,0.6388,[70, 10, 90, 16, 56]
6,1,shortest,258,465,33.481935427928896,0.6489,[77, 11, 90, 12, 68]
7,1,shortest,257,658,34.58091959448157,0.6728,[80, 3, 90, 18, 66]
8,1,shortest,253,842,32.909573075322626,0.6504,[80, 8, 90, 17, 58]
9,1,shortest,241,1011,36.92912130013385,0.7662,[85, 9, 90, 2, 55]
10,1,shortest,251,1195,37.838604625435124,0.7538,[87, 11, 90, 0, 63]
11,1,shortest,231,1424,38.33744905441675,0.8298,[86, 5, 90, 0, 50]
12,1,shortest,254,1623,37.91253090997751,0.7463,[87, 7, 90, 4, 66]
13,1,shortest,241,1817,39.458332453361486,0.8186,[89, 4, 90, 0, 58]
14,1,shortest,241,2016,39.458332453361486,0.8186,[89, 4, 90, 0, 58]
15,1,shortest,255,2198,41.221353689562406,0.8083,[89, 2, 90, 0, 74]
16,1,shortest,259,2387,40.29094191006212,0.7778,[89, 6, 90, 0, 74]
17,1,shortest,249,2602,40.409899777158564,0.8114,[90, 3, 90, 0, 66]
18,1,shortest,242,2785,39.666610644218146,0.8196,[90, 4, 90, 0, 58]
19,1,shortest,228,2968,38.995384342252606,0.8552,[90, 6, 90, 0, 42]
20,1,shortest,228,3146,38.995384342252606,0.8552,[90, 6, 90, 0, 42]
21,1,shortest,249,3560,40.409899777158564,0.8114,[90, 3, 90, 0, 66]
22,1,shortest,256,3754,41.40724574274411,0.8087,[90, 2, 90, 0, 74]
23,1,shortest,262,3946,42.13122357587066,0.8040,[90, 2, 90, 0, 80]
24,1,shortest,249,4138,40.409899777158564,0.8114,[90, 3, 90, 0, 66]
25,1,shortest,270,4332,44.090815370097204,0.8165,[90, 0, 90, 0, 90]
26,1,shortest,268,4537,42.589200509049235,0.7946,[90, 3, 90, 0, 85]
27,1,shortest,272,5365,43.60550423971726,0.8016,[90, 2, 90, 0, 90]
28,1,shortest,273,5624,43.36634639902236,0.7943,[90, 3, 90, 0, 90]
29,1,shortest,274,5878,43.12957222138889,0.7870,[90, 4, 90, 0, 90]
30,1,shortest,273,6090,43.36634639902236,0.7943,[90, 3, 90, 0, 90]
1,1,reactive,90,0,0.0,0.0000,[18, 18, 18, 18, 18]
2,1,reactive,151,28,6.013318551349163,0.1991,[36, 24, 36, 22, 33]
3,1,reactive,195,84,14.25482374496437,0.3655,[54, 20, 54, 25, 42]
4,1,reactive,210,178,29.664793948382652,0.7063,[60, 8, 72, 4, 66]
5,1,reactive,242,269,30.916662174303358,0.6388,[70, 10, 90, 16, 56]
6,1,reactive,258,465,33.481935427928896,0.6489,[77, 11, 90, 12, 68]
7,1,reactive,257,658,34.58091959448157,0.6728,[80, 3, 90, 18, 66]
8,1,reactive,253,842,32.909573075322626,0.6504,[80, 8, 90, 17, 58]
9,1,reactive,241,1011,36.92912130013385,0.7662,[85, 9, 90, 2, 55]
10,1,reactive,251,1195,37.838604625435124,0.7538,[87, 11, 90, 0, 63]
11,1,reactive,231,1424,38.33744905441675,0.8298,[86, 5, 90, 0, 50]
12,1,reactive,254,1623,37.91253090997751,0.7463,[87, 7, 90, 4, 66]
13,1,reactive,241,1817,39.458332453361486,0.8186,[89, 4, 90, 0, 58]
14,1,reactive,241,2016,39.458332453361486,0.8186,[89, 4, 90, 0, 58]
15,1,reactive,255,2198,41.221353689562406,0.8083,[89, 2, 90, 0, 74]
16,1,reactive,259,2387,40.29094191006212,0.7778,[89, 6, 90, 0, 74]
17,1,reactive,249,2602,40.409899777158564,0.8114,[90, 3, 90, 0, 66]
18,1,reactive,242,2785,39.666610644218146,0.8196,[90, 4, 90, 0, 58]
19,1,reactive,228,2968,38.995384342252606,0.8552,[90, 6, 90, 0, 42]
20,1,reactive,228,3146,38.995384342252606,0.8552,[90, 6, 90, 0, 42]
21,1,reactive,249,3560,40.409899777158564,0.8114,[90, 3, 90, 0, 66]
22,1,reactive,256,3754,41.40724574274411,0.8087,[90, 2, 90, 0, 74]
23,1,reactive,262,3946,42.13122357587066,0.8040,[90, 2, 90, 0, 80]
24,1,reactive,249,4138,40.409899777158564,0.8114,[90, 3, 90, 0, 66]
25,1,reactive,270,4332,44.090815370097204,0.8165,[90, 0, 90, 0, 90]
26,1,reactive,268,4537,42.589200509049235,0.7946,[90, 3, 90, 0, 85]
27,1,reactive,272,5365,43.60550423971726,0.8016,[90, 2, 90, 0, 90]
28,1,reactive,273,5624,43.36634639902236,0.7943,[90, 3, 90, 0, 90]
29,1,reactive,274,5878,43.12957222138889,0.7870,[90, 4, 90, 0, 90]
30,1,reactive,273,6090,43.36634639902236,0.7943,[90, 3, 90, 0, 90]
1,1,predictive,87,0,1.2,0.0690,[18, 18, 18, 18, 15]
2,1,predictive,168,0,3.006659275674582,0.0895,[36, 36, 36, 31, 29]
3,1,predictive,235,10,4.33589667773576,0.0923,[51, 48, 52, 41, 43]
4,1,predictive,272,31,8.357032966310472,0.1536,[64, 40, 61, 52, 55]
5,1,predictive,327,43,7.735631842325486,0.1183,[77, 61, 71, 55, 63]
6,1,predictive,359,72,10.906878563548783,0.1519,[85, 66, 82, 55, 71]
7,1,predictive,386,113,14.74313399518569,0.1910,[94, 76, 88, 51, 77]
8,1,predictive,404,158,17.88183435780569,0.2213,[102, 60, 94, 59, 89]
9,1,predictive,407,249,21.077001684300356,0.2589,[99, 63, 106, 51, 88]
10,1,predictive,408,309,20.441134997841974,0.2505,[95, 68, 108, 50, 87]
11,1,predictive,400,434,27.640549922170507,0.3455,[101, 45, 109, 48, 97]
12,1,predictive,408,518,27.463430230034994,0.3366,[92, 44, 118, 56, 98]
13,1,predictive,411,631,27.374440633554503,0.3330,[107, 43, 116, 61, 84]
14,1,predictive,403,787,34.47085725652903,0.4277,[95, 21, 120, 66, 101]
15,1,predictive,400,912,28.333725487482226,0.3542,[89, 38, 122, 62, 89]
16,1,predictive,375,1081,29.819456735494025,0.3976,[72, 25, 117, 73, 88]
17,1,predictive,383,1254,30.216551755618976,0.3945,[93, 31, 116, 54, 89]
18,1,predictive,382,1412,36.04774611539534,0.4718,[90, 16, 126, 65, 85]
19,1,predictive,375,1593,32.96664981462326,0.4396,[79, 20, 121, 66, 89]
20,1,predictive,362,1809,37.24298591681392,0.5144,[83, 9, 122, 61, 87]
21,1,predictive,368,1978,36.65296713773661,0.4980,[88, 17, 127, 54, 82]
22,1,predictive,394,2216,36.52067907364265,0.4635,[97, 15, 121, 65, 96]
23,1,predictive,362,2455,36.908535598151275,0.5098,[72, 13, 127, 63, 87]
24,1,predictive,341,2644,37.92308004368844,0.5561,[66, 12, 125, 49, 89]
25,1,predictive,358,2826,38.77937596197236,0.5416,[82, 13, 127, 47, 89]
26,1,predictive,318,3087,36.75105440664254,0.5778,[62, 13, 121, 40, 82]
27,1,predictive,331,3303,43.869807385034186,0.6627,[59, 8, 131, 35, 98]
28,1,predictive,337,3540,36.94103409489236,0.5481,[68, 12, 126, 53, 78]
29,1,predictive,348,3776,40.51962487486774,0.5822,[69, 8, 129, 50, 92]
30,1,predictive,321,4057,35.5437758264369,0.5536,[75, 20, 120, 32, 74]
1,5,shortest,487,0,0.4898979485566356,0.0050,[97, 97, 98, 97, 98]
2,5,shortest,908,0,15.628179676469042,0.0861,[193, 162, 196, 163, 194]
3,5,shortest,1099,75,73.62445245976367,0.3350,[289, 124, 294, 139, 253]
4,5,shortest,1218,200,128.07747655228064,0.5258,[353, 91, 392, 93, 289]
5,5,shortest,1328,293,173.78446420782268,0.6543,[409, 80, 490, 54, 295]
6,5,shortest,1368,451,192.81763404834112,0.7047,[450, 61, 490, 31, 336]
7,5,shortest,1392,578,192.83215499495927,0.6926,[470, 55, 490, 50, 327]
8,5,shortest,1410,784,201.19343925685052,0.7135,[474, 45, 490, 38, 363]
9,5,shortest,1433,1017,217.95100366825568,0.7605,[475, 29, 490, 13, 426]
10,5,shortest,1438,1183,201.18310068194097,0.6995,[477, 70, 490, 23, 378]
11,5,shortest,1437,1393,212.00999976416207,0.7377,[479, 49, 490, 12, 407]
12,5,shortest,1430,1550,218.20449124617028,0.7630,[480, 29, 490, 12, 419]
13,5,shortest,1452,1781,218.06842962703243,0.7509,[478, 39, 490, 10, 435]
14,5,shortest,1451,1992,216.33621980611568,0.7455,[480, 47, 490, 7, 427]
15,5,shortest,1406,2290,211.0179139314954,0.7504,[475, 50, 490, 4, 387]
16,5,shortest,1417,2482,221.4421820701738,0.7814,[474, 22, 490, 5, 426]
17,5,shortest,1441,2698,216.48131559097655,0.7511,[476, 36, 490, 13, 426]
18,5,shortest,1429,2943,221.9958558171751,0.7768,[475, 27, 490, 3, 434]
19,5,shortest,1419,3131,219.8421251716786,0.7746,[480, 28, 490, 5, 416]
20,5,shortest,1437,3360,208.18607061953017,0.7244,[480, 62, 490, 11, 394]
21,5,shortest,1429,3666,218.77604987749461,0.7655,[479, 29, 490, 10, 421]
22,5,shortest,1464,3804,216.64939418332102,0.7399,[479, 53, 490, 5, 437]
23,5,shortest,1410,4134,220.433209839171,0.7817,[479, 20, 490, 8, 413]
24,5,shortest,1436,4323,219.65008536306104,0.7648,[478, 31, 490, 8, 429]
25,5,shortest,1433,4638,227.1251637313664,0.7925,[478, 15, 490, 3, 447]
26,5,shortest,1456,4913,226.60397172159185,0.7782,[473, 26, 490, 2, 465]
27,5,shortest,1441,5073,225.55389599827353,0.7826,[476, 22, 490, 3, 450]
28,5,shortest,1441,5349,228.97196334922756,0.7945,[471, 14, 490, 2, 464]
29,5,shortest,1442,5580,230.3394017531521,0.7987,[473, 13, 490, 0, 466]
30,5,shortest,1454,5767,230.61257554608767,0.7930,[474, 15, 490, 2, 473]
1,5,reactive,487,0,0.4898979485566356,0.0050,[97, 97, 98, 97, 98]
2,5,reactive,908,0,15.628179676469042,0.0861,[193, 162, 196, 163, 194]
3,5,reactive,1183,9,60.96097112087372,0.2577,[289, 156, 294, 169, 275]
4,5,reactive,1430,96,109.78706663355206,0.3839,[372, 118, 392, 193, 355]
5,5,reactive,1576,166,134.07669446999356,0.4254,[393, 104, 490, 232, 357]
6,5,reactive,1649,280,138.85013503774493,0.4210,[428, 114, 490, 226, 391]
7,5,reactive,1766,312,138.54298971799332,0.3923,[472, 130, 490, 257, 417]
8,5,reactive,1776,448,178.36860710338019,0.5022,[530, 71, 483, 221, 471]
9,5,reactive,2001,368,144.36536980869062,0.3607,[564, 170, 491, 299, 477]
10,5,reactive,2179,360,128.24570168235658,0.2943,[615, 252, 488, 333, 491]
11,5,reactive,2187,564,156.10458032998264,0.3569,[648, 200, 494, 329, 516]
12,5,reactive,2329,598,156.30150351164252,0.3356,[694, 235, 492, 365, 543]
13,5,reactive,2184,842,191.79509899890562,0.4391,[704, 170, 510, 271, 529]
14,5,reactive,2191,993,188.5729567037649,0.4303,[704, 201, 523, 245, 518]
15,5,reactive,2214,1179,219.6273207048704,0.4960,[761, 113, 540, 305, 495]
16,5,reactive,2181,1330,209.76501138178406,0.4809,[717, 131, 578, 275, 480]
17,5,reactive,2187,1677,239.40726806009877,0.5473,[780, 97, 594, 268, 448]
18,5,reactive,2117,1915,230.80606577817665,0.5451,[767, 99, 562, 269, 420]
19,5,reactive,2121,2027,257.74359351883027,0.6076,[816, 55, 573, 286, 391]
20,5,reactive,2032,2560,220.48092888048166,0.5425,[673, 74, 607, 261, 417]
21,5,reactive,2011,2706,225.83303567016054,0.5615,[661, 36, 591, 275, 448]
22,5,reactive,1756,3257,185.4587824827932,0.5281,[477, 50, 592, 267, 370]
23,5,reactive,1703,3389,163.74199217060965,0.4807,[461, 42, 498, 299, 403]
24,5,reactive,1728,3672,173.05906506161415,0.5007,[474, 29, 521, 319, 385]
25,5,reactive,1744,3850,170.36243717439592,0.4884,[483, 49, 523, 286, 403]
26,5,reactive,1671,4145,180.04710494756642,0.5387,[435, 47, 589, 267, 333]
27,5,reactive,1657,4471,182.84922750725528,0.5517,[471, 24, 501, 220, 441]
28,5,reactive,1618,4624,169.6957277010827,0.5244,[449, 27, 494, 249, 399]
29,5,reactive,1740,4833,168.531302730383,0.4843,[467, 30, 500, 336, 407]
30,5,reactive,1635,4995,173.27550317341456,0.5299,[461, 26, 511, 257, 380]
1,5,predictive,474,0,4.915282290977803,0.0518,[97, 97, 98, 97, 85]
2,5,predictive,900,0,17.28583234906552,0.0960,[192, 193, 196, 166, 153]
3,5,predictive,1283,0,25.358233376952743,0.0988,[282, 280, 267, 236, 218]
4,5,predictive,1641,2,32.07117085483472,0.0977,[360, 365, 331, 303, 282]
5,5,predictive,1932,3,36.510820313983636,0.0945,[443, 406, 387, 356, 340]
6,5,predictive,2166,3,47.334553974871255,0.1093,[516, 433, 441, 398, 378]
7,5,predictive,2355,10,57.1419285638838,0.1213,[573, 437, 492, 440, 413]
8,5,predictive,2474,31,81.46999447649422,0.1647,[637, 414, 533, 442, 448]
9,5,predictive,2582,80,102.92055188347953,0.1993,[681, 387, 580, 457, 477]
10,5,predictive,2657,130,122.84722219081715,0.2312,[731, 380, 604, 463, 479]
11,5,predictive,2729,198,144.76104448365936,0.2652,[774, 354, 635, 489, 477]
12,5,predictive,2649,306,159.6989668094318,0.3014,[768, 330, 657, 425, 469]
13,5,predictive,2674,412,166.38317222603973,0.3111,[774, 301, 665, 453, 481]
14,5,predictive,2682,480,164.22374980495363,0.3062,[770, 319, 679, 451, 463]
15,5,predictive,2624,631,180.2813356950741,0.3435,[756, 296, 713, 390, 469]
16,5,predictive,2564,827,179.79810900006706,0.3506,[737, 297, 715, 378, 437]
17,5,predictive,2580,945,166.14210784746894,0.3220,[707, 301, 714, 407, 451]
18,5,predictive,2461,1227,203.80225710231966,0.4141,[719, 228, 732, 326, 456]
19,5,predictive,2476,1376,218.58215846678794,0.4414,[744, 226, 757, 316, 433]
20,5,predictive,2329,1793,212.95201337390546,0.4572,[685, 200, 729, 270, 445]
21,5,predictive,2323,2103,217.82249654248295,0.4688,[693, 193, 729, 262, 446]
22,5,predictive,2279,2356,197.566596366896,0.4335,[649, 178, 697, 306, 449]
23,5,predictive,2267,2585,209.6831895980219,0.4625,[664, 189, 720, 270, 424]
24,5,predictive,2236,2885,218.51718467891718,0.4886,[630, 162, 754, 278, 412]
25,5,predictive,2200,3204,211.5844984870111,0.4809,[615, 142, 731, 303, 409]
26,5,predictive,2239,3430,198.05292222029948,0.4423,[625, 179, 717, 313, 405]
27,5,predictive,2119,3785,210.2297790513989,0.4961,[605, 142, 711, 264, 397]
28,5,predictive,2090,4079,208.64515331059096,0.4992,[565, 163, 739, 260, 363]
29,5,predictive,2063,4186,217.87390848837316,0.5281,[562, 118, 731, 249, 403]
30,5,predictive,2008,4458,225.6684293382661,0.5619,[519, 133, 761, 203, 392]
1,10,shortest,975,0,0.0,0.0000,[195, 195, 195, 195, 195]
2,10,shortest,1856,0,21.830254235807697,0.0588,[390, 343, 389, 346, 388]
3,10,shortest,2214,22,139.76036634182094,0.3156,[582, 281, 583, 271, 497]
4,10,shortest,2343,177,275.16511406789925,0.5872,[752, 130, 777, 174, 510]
5,10,shortest,2657,282,360.76895653589713,0.6789,[936, 176, 971, 132, 442]
6,10,shortest,2693,399,369.04937339060746,0.6852,[943, 153, 971, 113, 513]
7,10,shortest,2709,552,383.8220420976367,0.7084,[940, 112, 971, 88, 598]
8,10,shortest,2770,685,391.1685058897252,0.7061,[952, 115, 971, 75, 657]
9,10,shortest,2694,915,395.7400156668516,0.7345,[954, 86, 971, 76, 607]
10,10,shortest,2699,1072,375.1961620272787,0.6951,[953, 149, 971, 99, 527]
11,10,shortest,2756,1276,375.7320321718658,0.6817,[951, 160, 971, 87, 587]
12,10,shortest,2764,1534,396.0552486711924,0.7165,[954, 106, 971, 67, 666]
13,10,shortest,2679,1750,388.6167263512985,0.7253,[945, 119, 971, 64, 580]
14,10,shortest,2740,2028,404.304835489263,0.7378,[954, 85, 971, 55, 675]
15,10,shortest,2680,2284,409.81312814501194,0.7646,[934, 64, 971, 36, 675]
16,10,shortest,2759,2459,405.76761822501317,0.7354,[933, 87, 971, 45, 723]
17,10,shortest,2715,2696,420.4878119517854,0.7744,[928, 59, 971, 15, 742]
18,10,shortest,2631,2921,421.0070783252937,0.8001,[936, 33, 971, 20, 671]
19,10,shortest,2716,3068,395.3557385444152,0.7278,[951, 110, 971, 56, 628]
20,10,shortest,2605,3315,407.83575125287877,0.7828,[956, 66, 971, 41, 571]
21,10,shortest,2797,3484,418.3704578480656,0.7479,[955, 92, 971, 20, 759]
22,10,shortest,2687,3769,405.0790540129173,0.7538,[949, 96, 971, 30, 641]
23,10,shortest,2749,3963,412.3898155871456,0.7501,[950, 84, 971, 31, 713]
24,10,shortest,2596,4245,416.3875118204195,0.8020,[939, 37, 971, 26, 623]
25,10,shortest,2755,4469,429.6156421733268,0.7797,[941, 49, 971, 13, 781]
26,10,shortest,2643,4751,424.16298754134596,0.8024,[937, 29, 971, 17, 689]
27,10,shortest,2705,4939,428.30970103419327,0.7917,[938, 35, 971, 15, 746]
28,10,shortest,2745,5215,427.79060298234697,0.7792,[932, 42, 971, 20, 780]
29,10,shortest,2744,5521,427.87867439263664,0.7797,[925, 37, 971, 23, 788]
30,10,shortest,2778,5751,436.10393256653856,0.7849,[918, 38, 971, 10, 841]
1,10,reactive,975,0,0.0,0.0000,[195, 195, 195, 195, 195]
2,10,reactive,1856,0,21.830254235807697,0.0588,[390, 343, 389, 346, 388]
3,10,reactive,2255,2,136.77865330525813,0.3033,[582, 283, 583, 289, 518]
4,10,reactive,2755,42,214.65134520892246,0.3896,[746, 264, 777, 326, 642]
5,10,reactive,3055,85,260.84554816979335,0.4269,[812, 266, 971, 385, 621]
6,10,reactive,3164,202,261.5388307689701,0.4133,[823, 250, 971, 429, 691]
7,10,reactive,3272,279,256.059836756958,0.3913,[840, 256, 971, 482, 723]
8,10,reactive,3409,335,269.09730582077555,0.3947,[882, 235, 971, 523, 798]
9,10,reactive,3629,325,278.2649097532781,0.3834,[975, 265, 985, 553, 851]
10,10,reactive,3677,398,310.76267472140216,0.4226,[1100, 288, 992, 463, 834]
11,10,reactive,3746,469,320.713828825637,0.4281,[1164, 287, 1010, 505, 780]
12,10,reactive,3563,700,380.904502467482,0.5345,[1253, 223, 1008, 387, 692]
13,10,reactive,3773,792,394.40922910094287,0.5227,[1349, 226, 1022, 493, 683]
14,10,reactive,3928,793,389.96184428736103,0.4964,[1363, 229, 1028, 545, 763]
15,10,reactive,3915,1324,442.40660031242754,0.5650,[1417, 142, 1032, 469, 855]
16,10,reactive,4051,1231,432.08489906498704,0.5333,[1477, 190, 1039, 589, 756]
17,10,reactive,3703,1840,528.1399814443137,0.7131,[1550, 96, 1100, 309, 648]
18,10,reactive,3431,2570,467.45369824186866,0.6812,[1248, 88, 1153, 238, 704]
19,10,reactive,3266,2680,442.6458629649667,0.6777,[1079, 57, 1195, 267, 668]
20,10,reactive,3361,2286,304.39342962685646,0.4528,[958, 175, 1022, 568, 638]
21,10,reactive,3068,3019,414.9508886603329,0.6763,[1081, 48, 1041, 242, 656]
22,10,reactive,3069,3074,369.66276523339485,0.6023,[1020, 68, 988, 334, 659]
23,10,reactive,3321,3354,378.09861147589527,0.5693,[1004, 86, 1102, 401, 728]
24,10,reactive,2717,3557,308.75789868438994,0.5682,[753, 132, 1007, 328, 497]
25,10,reactive,2615,3749,316.21638161233835,0.6046,[746, 50, 975, 392, 452]
26,10,reactive,2571,4171,325.6878259929284,0.6334,[779, 86, 981, 282, 443]
27,10,reactive,2525,4479,351.9107841484827,0.6969,[803, 31, 988, 239, 464]
28,10,reactive,2613,4757,346.03733902571844,0.6621,[803, 42, 980, 241, 547]
29,10,reactive,2688,5278,415.6256007514456,0.7731,[859, 31, 1130, 147, 521]
30,10,reactive,2720,5478,395.76760857856976,0.7275,[882, 35, 983, 109, 711]
1,10,predictive,944,0,10.457533169921097,0.0554,[195, 194, 195, 192, 168]
2,10,predictive,1803,0,33.012724819378356,0.0915,[387, 386, 389, 327, 314]
3,10,predictive,2566,0,51.08972499436653,0.0996,[564, 560, 532, 479, 431]
4,10,predictive,3266,3,61.88505473860389,0.0947,[725, 717, 655, 600, 569]
5,10,predictive,3872,3,75.00826621113168,0.0969,[887, 819, 771, 726, 669]
6,10,predictive,4366,9,97.03071678597453,0.1111,[1036, 901, 872, 809, 748]
7,10,predictive,4703,12,116.71263856155426,0.1241,[1156, 882, 967, 869, 829]
8,10,predictive,4995,24,142.3727502017152,0.1425,[1246, 854, 1067, 925, 903]
9,10,predictive,5157,34,207.03970633673146,0.2007,[1368, 776, 1154, 930, 929]
10,10,predictive,5227,72,262.47331292914333,0.2511,[1455, 711, 1224, 899, 938]
11,10,predictive,5215,173,313.5161877798338,0.3006,[1528, 643, 1264, 873, 907]
12,10,predictive,5247,251,345.5740731015566,0.3293,[1566, 598, 1312, 842, 929]
13,10,predictive,5128,431,372.73615333101236,0.3634,[1561, 534, 1328, 766, 939]
14,10,predictive,5214,438,390.28061699244046,0.3743,[1607, 535, 1364, 780, 928]
15,10,predictive,5133,630,402.55563590639247,0.3921,[1594, 508, 1381, 746, 904]
16,10,predictive,5173,733,403.94039164213325,0.3904,[1586, 506, 1404, 741, 936]
17,10,predictive,4999,995,430.1713147107789,0.4303,[1564, 462, 1428, 648, 897]
18,10,predictive,5124,1086,391.79555893348254,0.3823,[1521, 526, 1443, 742, 892]
19,10,predictive,5019,1489,408.8610521925511,0.4073,[1488, 492, 1460, 649, 930]
20,10,predictive,4737,2154,450.02515485248153,0.4750,[1501, 407, 1423, 518, 888]
21,10,predictive,4901,2287,394.6894475407215,0.4027,[1425, 475, 1433, 636, 932]
22,10,predictive,4625,2883,422.9170131361471,0.4572,[1412, 412, 1391, 505, 905]
23,10,predictive,4477,3432,403.38696062217974,0.4505,[1278, 333, 1391, 571, 904]
24,10,predictive,4464,3709,424.30715289752067,0.4753,[1318, 344, 1411, 506, 885]
25,10,predictive,4360,4025,437.17181976884103,0.5013,[1277, 307, 1433, 475, 868]
26,10,predictive,4195,4578,411.2989180632499,0.4902,[1179, 301, 1390, 469, 856]
27,10,predictive,4161,4899,439.17349646808157,0.5277,[1187, 248, 1413, 435, 878]
28,10,predictive,4024,5123,453.58500857060966,0.5636,[1159, 259, 1427, 339, 840]
29,10,predictive,4019,5328,427.91559915478655,0.5324,[1125, 251, 1392, 405, 846]
30,10,predictive,3863,5820,439.24189235545373,0.5685,[1059, 231, 1423, 365, 785]
